--
-- PostgreSQL database dump
--

\restrict louZwDYr9kLFapQtzU2c1G2fodVvKvpD0kbZIvQIJOs4OX3SkxIFNdqSNcIDvEC

-- Dumped from database version 16.13
-- Dumped by pg_dump version 16.13

SET statement_timeout = 0;
SET lock_timeout = 0;
SET idle_in_transaction_session_timeout = 0;
SET client_encoding = 'UTF8';
SET standard_conforming_strings = on;
SELECT pg_catalog.set_config('search_path', '', false);
SET check_function_bodies = false;
SET xmloption = content;
SET client_min_messages = warning;
SET row_security = off;

SET default_tablespace = '';

SET default_table_access_method = heap;

--
-- Name: audit_auditevent; Type: TABLE; Schema: public; Owner: rera_user
--

CREATE TABLE public.audit_auditevent (
    id uuid NOT NULL,
    event_type character varying(50) NOT NULL,
    severity character varying(10) NOT NULL,
    request_id uuid,
    metadata jsonb,
    "timestamp" timestamp with time zone NOT NULL,
    user_id integer
);


ALTER TABLE public.audit_auditevent OWNER TO rera_user;

--
-- Name: auth_group; Type: TABLE; Schema: public; Owner: rera_user
--

CREATE TABLE public.auth_group (
    id integer NOT NULL,
    name character varying(150) NOT NULL
);


ALTER TABLE public.auth_group OWNER TO rera_user;

--
-- Name: auth_group_id_seq; Type: SEQUENCE; Schema: public; Owner: rera_user
--

ALTER TABLE public.auth_group ALTER COLUMN id ADD GENERATED BY DEFAULT AS IDENTITY (
    SEQUENCE NAME public.auth_group_id_seq
    START WITH 1
    INCREMENT BY 1
    NO MINVALUE
    NO MAXVALUE
    CACHE 1
);


--
-- Name: auth_group_permissions; Type: TABLE; Schema: public; Owner: rera_user
--

CREATE TABLE public.auth_group_permissions (
    id bigint NOT NULL,
    group_id integer NOT NULL,
    permission_id integer NOT NULL
);


ALTER TABLE public.auth_group_permissions OWNER TO rera_user;

--
-- Name: auth_group_permissions_id_seq; Type: SEQUENCE; Schema: public; Owner: rera_user
--

ALTER TABLE public.auth_group_permissions ALTER COLUMN id ADD GENERATED BY DEFAULT AS IDENTITY (
    SEQUENCE NAME public.auth_group_permissions_id_seq
    START WITH 1
    INCREMENT BY 1
    NO MINVALUE
    NO MAXVALUE
    CACHE 1
);


--
-- Name: auth_permission; Type: TABLE; Schema: public; Owner: rera_user
--

CREATE TABLE public.auth_permission (
    id integer NOT NULL,
    name character varying(255) NOT NULL,
    content_type_id integer NOT NULL,
    codename character varying(100) NOT NULL
);


ALTER TABLE public.auth_permission OWNER TO rera_user;

--
-- Name: auth_permission_id_seq; Type: SEQUENCE; Schema: public; Owner: rera_user
--

ALTER TABLE public.auth_permission ALTER COLUMN id ADD GENERATED BY DEFAULT AS IDENTITY (
    SEQUENCE NAME public.auth_permission_id_seq
    START WITH 1
    INCREMENT BY 1
    NO MINVALUE
    NO MAXVALUE
    CACHE 1
);


--
-- Name: auth_user; Type: TABLE; Schema: public; Owner: rera_user
--

CREATE TABLE public.auth_user (
    id integer NOT NULL,
    password character varying(128) NOT NULL,
    last_login timestamp with time zone,
    is_superuser boolean NOT NULL,
    username character varying(150) NOT NULL,
    first_name character varying(150) NOT NULL,
    last_name character varying(150) NOT NULL,
    email character varying(254) NOT NULL,
    is_staff boolean NOT NULL,
    is_active boolean NOT NULL,
    date_joined timestamp with time zone NOT NULL
);


ALTER TABLE public.auth_user OWNER TO rera_user;

--
-- Name: auth_user_groups; Type: TABLE; Schema: public; Owner: rera_user
--

CREATE TABLE public.auth_user_groups (
    id bigint NOT NULL,
    user_id integer NOT NULL,
    group_id integer NOT NULL
);


ALTER TABLE public.auth_user_groups OWNER TO rera_user;

--
-- Name: auth_user_groups_id_seq; Type: SEQUENCE; Schema: public; Owner: rera_user
--

ALTER TABLE public.auth_user_groups ALTER COLUMN id ADD GENERATED BY DEFAULT AS IDENTITY (
    SEQUENCE NAME public.auth_user_groups_id_seq
    START WITH 1
    INCREMENT BY 1
    NO MINVALUE
    NO MAXVALUE
    CACHE 1
);


--
-- Name: auth_user_id_seq; Type: SEQUENCE; Schema: public; Owner: rera_user
--

ALTER TABLE public.auth_user ALTER COLUMN id ADD GENERATED BY DEFAULT AS IDENTITY (
    SEQUENCE NAME public.auth_user_id_seq
    START WITH 1
    INCREMENT BY 1
    NO MINVALUE
    NO MAXVALUE
    CACHE 1
);


--
-- Name: auth_user_user_permissions; Type: TABLE; Schema: public; Owner: rera_user
--

CREATE TABLE public.auth_user_user_permissions (
    id bigint NOT NULL,
    user_id integer NOT NULL,
    permission_id integer NOT NULL
);


ALTER TABLE public.auth_user_user_permissions OWNER TO rera_user;

--
-- Name: auth_user_user_permissions_id_seq; Type: SEQUENCE; Schema: public; Owner: rera_user
--

ALTER TABLE public.auth_user_user_permissions ALTER COLUMN id ADD GENERATED BY DEFAULT AS IDENTITY (
    SEQUENCE NAME public.auth_user_user_permissions_id_seq
    START WITH 1
    INCREMENT BY 1
    NO MINVALUE
    NO MAXVALUE
    CACHE 1
);


--
-- Name: billing_credittransaction; Type: TABLE; Schema: public; Owner: rera_user
--

CREATE TABLE public.billing_credittransaction (
    id bigint NOT NULL,
    amount integer NOT NULL,
    type character varying(30) NOT NULL,
    expiry_date timestamp with time zone,
    reference_id character varying(100),
    created_at timestamp with time zone NOT NULL,
    user_id integer NOT NULL,
    CONSTRAINT admin_adjustment_rule CHECK (((NOT ((type)::text = 'admin_adjustment'::text)) OR (expiry_date IS NULL))),
    CONSTRAINT purchase_rule CHECK (((NOT ((type)::text = 'purchase'::text)) OR ((expiry_date IS NOT NULL) AND (amount > 0)))),
    CONSTRAINT refund_rule CHECK (((NOT ((type)::text = 'refund'::text)) OR ((expiry_date IS NULL) AND (amount > 0)))),
    CONSTRAINT usage_rule CHECK (((NOT ((type)::text = 'usage'::text)) OR ((expiry_date IS NULL) AND (amount < 0))))
);


ALTER TABLE public.billing_credittransaction OWNER TO rera_user;

--
-- Name: billing_credittransaction_id_seq; Type: SEQUENCE; Schema: public; Owner: rera_user
--

ALTER TABLE public.billing_credittransaction ALTER COLUMN id ADD GENERATED BY DEFAULT AS IDENTITY (
    SEQUENCE NAME public.billing_credittransaction_id_seq
    START WITH 1
    INCREMENT BY 1
    NO MINVALUE
    NO MAXVALUE
    CACHE 1
);


--
-- Name: billing_subscription; Type: TABLE; Schema: public; Owner: rera_user
--

CREATE TABLE public.billing_subscription (
    id bigint NOT NULL,
    plan_type character varying(20) NOT NULL,
    status character varying(20) NOT NULL,
    start_date timestamp with time zone NOT NULL,
    end_date timestamp with time zone NOT NULL,
    created_at timestamp with time zone NOT NULL,
    updated_at timestamp with time zone NOT NULL,
    user_id integer NOT NULL
);


ALTER TABLE public.billing_subscription OWNER TO rera_user;

--
-- Name: billing_subscription_id_seq; Type: SEQUENCE; Schema: public; Owner: rera_user
--

ALTER TABLE public.billing_subscription ALTER COLUMN id ADD GENERATED BY DEFAULT AS IDENTITY (
    SEQUENCE NAME public.billing_subscription_id_seq
    START WITH 1
    INCREMENT BY 1
    NO MINVALUE
    NO MAXVALUE
    CACHE 1
);


--
-- Name: django_admin_log; Type: TABLE; Schema: public; Owner: rera_user
--

CREATE TABLE public.django_admin_log (
    id integer NOT NULL,
    action_time timestamp with time zone NOT NULL,
    object_id text,
    object_repr character varying(200) NOT NULL,
    action_flag smallint NOT NULL,
    change_message text NOT NULL,
    content_type_id integer,
    user_id integer NOT NULL,
    CONSTRAINT django_admin_log_action_flag_check CHECK ((action_flag >= 0))
);


ALTER TABLE public.django_admin_log OWNER TO rera_user;

--
-- Name: django_admin_log_id_seq; Type: SEQUENCE; Schema: public; Owner: rera_user
--

ALTER TABLE public.django_admin_log ALTER COLUMN id ADD GENERATED BY DEFAULT AS IDENTITY (
    SEQUENCE NAME public.django_admin_log_id_seq
    START WITH 1
    INCREMENT BY 1
    NO MINVALUE
    NO MAXVALUE
    CACHE 1
);


--
-- Name: django_content_type; Type: TABLE; Schema: public; Owner: rera_user
--

CREATE TABLE public.django_content_type (
    id integer NOT NULL,
    app_label character varying(100) NOT NULL,
    model character varying(100) NOT NULL
);


ALTER TABLE public.django_content_type OWNER TO rera_user;

--
-- Name: django_content_type_id_seq; Type: SEQUENCE; Schema: public; Owner: rera_user
--

ALTER TABLE public.django_content_type ALTER COLUMN id ADD GENERATED BY DEFAULT AS IDENTITY (
    SEQUENCE NAME public.django_content_type_id_seq
    START WITH 1
    INCREMENT BY 1
    NO MINVALUE
    NO MAXVALUE
    CACHE 1
);


--
-- Name: django_migrations; Type: TABLE; Schema: public; Owner: rera_user
--

CREATE TABLE public.django_migrations (
    id bigint NOT NULL,
    app character varying(255) NOT NULL,
    name character varying(255) NOT NULL,
    applied timestamp with time zone NOT NULL
);


ALTER TABLE public.django_migrations OWNER TO rera_user;

--
-- Name: django_migrations_id_seq; Type: SEQUENCE; Schema: public; Owner: rera_user
--

ALTER TABLE public.django_migrations ALTER COLUMN id ADD GENERATED BY DEFAULT AS IDENTITY (
    SEQUENCE NAME public.django_migrations_id_seq
    START WITH 1
    INCREMENT BY 1
    NO MINVALUE
    NO MAXVALUE
    CACHE 1
);


--
-- Name: django_session; Type: TABLE; Schema: public; Owner: rera_user
--

CREATE TABLE public.django_session (
    session_key character varying(40) NOT NULL,
    session_data text NOT NULL,
    expire_date timestamp with time zone NOT NULL
);


ALTER TABLE public.django_session OWNER TO rera_user;

--
-- Name: idempotency_idempotencykey; Type: TABLE; Schema: public; Owner: rera_user
--

CREATE TABLE public.idempotency_idempotencykey (
    id uuid NOT NULL,
    key character varying(255) NOT NULL,
    request_hash character varying(64) NOT NULL,
    response_snapshot jsonb NOT NULL,
    created_at timestamp with time zone NOT NULL,
    user_id integer NOT NULL
);


ALTER TABLE public.idempotency_idempotencykey OWNER TO rera_user;

--
-- Name: reports_report; Type: TABLE; Schema: public; Owner: rera_user
--

CREATE TABLE public.reports_report (
    id bigint NOT NULL,
    request_id uuid NOT NULL,
    timestamp_utc timestamp with time zone NOT NULL,
    structure_version character varying(10) NOT NULL,
    total_score double precision NOT NULL,
    risk_band character varying(20) NOT NULL,
    category_breakdown jsonb NOT NULL,
    license_to_sell_present boolean NOT NULL,
    created_at timestamp with time zone NOT NULL,
    user_id integer NOT NULL
);


ALTER TABLE public.reports_report OWNER TO rera_user;

--
-- Name: reports_report_id_seq; Type: SEQUENCE; Schema: public; Owner: rera_user
--

ALTER TABLE public.reports_report ALTER COLUMN id ADD GENERATED BY DEFAULT AS IDENTITY (
    SEQUENCE NAME public.reports_report_id_seq
    START WITH 1
    INCREMENT BY 1
    NO MINVALUE
    NO MAXVALUE
    CACHE 1
);


--
-- Name: token_blacklist_blacklistedtoken; Type: TABLE; Schema: public; Owner: rera_user
--

CREATE TABLE public.token_blacklist_blacklistedtoken (
    id bigint NOT NULL,
    blacklisted_at timestamp with time zone NOT NULL,
    token_id bigint NOT NULL
);


ALTER TABLE public.token_blacklist_blacklistedtoken OWNER TO rera_user;

--
-- Name: token_blacklist_blacklistedtoken_id_seq; Type: SEQUENCE; Schema: public; Owner: rera_user
--

ALTER TABLE public.token_blacklist_blacklistedtoken ALTER COLUMN id ADD GENERATED BY DEFAULT AS IDENTITY (
    SEQUENCE NAME public.token_blacklist_blacklistedtoken_id_seq
    START WITH 1
    INCREMENT BY 1
    NO MINVALUE
    NO MAXVALUE
    CACHE 1
);


--
-- Name: token_blacklist_outstandingtoken; Type: TABLE; Schema: public; Owner: rera_user
--

CREATE TABLE public.token_blacklist_outstandingtoken (
    id bigint NOT NULL,
    token text NOT NULL,
    created_at timestamp with time zone,
    expires_at timestamp with time zone NOT NULL,
    user_id integer,
    jti character varying(255) NOT NULL
);


ALTER TABLE public.token_blacklist_outstandingtoken OWNER TO rera_user;

--
-- Name: token_blacklist_outstandingtoken_id_seq; Type: SEQUENCE; Schema: public; Owner: rera_user
--

ALTER TABLE public.token_blacklist_outstandingtoken ALTER COLUMN id ADD GENERATED BY DEFAULT AS IDENTITY (
    SEQUENCE NAME public.token_blacklist_outstandingtoken_id_seq
    START WITH 1
    INCREMENT BY 1
    NO MINVALUE
    NO MAXVALUE
    CACHE 1
);


--
-- Data for Name: audit_auditevent; Type: TABLE DATA; Schema: public; Owner: rera_user
--

COPY public.audit_auditevent (id, event_type, severity, request_id, metadata, "timestamp", user_id) FROM stdin;
63b2c8d2-dd13-4e11-bd50-2feb8483c562	EVALUATION_ATTEMPT	INFO	bca7da05-5254-46ad-9682-6cb27aecbfbc	{"endpoint": "EvaluateProjectView"}	2026-03-02 15:28:49.781973+08	1
a943469a-4786-4b24-a1fc-1709d3d2203b	BILLING_INSUFFICIENT_CREDIT	WARNING	bca7da05-5254-46ad-9682-6cb27aecbfbc	{"current_balance": 0}	2026-03-02 15:28:49.79916+08	1
62813e59-416f-401e-9df5-dfdd26f1e792	CREDIT_PURCHASE_CREATED	INFO	16e459b3-26bd-4d02-92c4-140a902be731	{"amount": 5, "source": "manual_test"}	2026-03-02 15:37:38.789835+08	1
73bf5dd9-96fa-48d6-9b28-fc0a1925b0b9	EVALUATION_ATTEMPT	INFO	81e85a8a-348a-4c98-9d0a-9b68c17ce233	{"endpoint": "EvaluateProjectView"}	2026-03-02 15:41:32.139721+08	1
3a46b1fd-93a4-4613-91bf-e923e6b9a30c	EVALUATION_VALIDATION_FAIL	WARNING	81e85a8a-348a-4c98-9d0a-9b68c17ce233	{"error": "Invalid categories. Missing: {'lgu_environment', 'financial_exposure', 'project_compliance', 'title_land'}, Extra: set()"}	2026-03-02 15:41:32.149071+08	1
b71c8d7e-0750-40b1-a7e0-4d1822ea3aad	EVALUATION_ATTEMPT	INFO	8bb3aa87-f705-4752-aab8-8f8c2814b7a4	{"endpoint": "EvaluateProjectView"}	2026-03-02 16:05:15.244484+08	1
bcb22d32-38c7-4ebe-8195-6f106be8ab68	BILLING_CREDIT_DEDUCTED	INFO	8bb3aa87-f705-4752-aab8-8f8c2814b7a4	{"amount": -1}	2026-03-02 16:05:15.295957+08	1
d3ab5f60-f95d-4851-bbb8-de3a8dfbd68b	EVALUATION_SUCCESS	INFO	8bb3aa87-f705-4752-aab8-8f8c2814b7a4	{"risk_band": "MODERATE_RISK", "billing_type": "credit"}	2026-03-02 16:05:15.298577+08	1
e3227d7b-9397-46f9-aaf5-ff95d3f43b9c	EVALUATION_ATTEMPT	INFO	81074dbe-ade1-4f68-b94b-95dcb427cd80	{"endpoint": "EvaluateProjectView"}	2026-03-03 14:46:19.489765+08	1
acc1fb46-7cf6-4819-9a85-fd33969d1c15	EVALUATION_VALIDATION_FAIL	WARNING	81074dbe-ade1-4f68-b94b-95dcb427cd80	{"error": "Invalid categories. Missing: {'title_land', 'developer_legitimacy', 'lgu_environment', 'project_compliance', 'financial_exposure'}, Extra: set()"}	2026-03-03 14:46:19.500871+08	1
\.


--
-- Data for Name: auth_group; Type: TABLE DATA; Schema: public; Owner: rera_user
--

COPY public.auth_group (id, name) FROM stdin;
\.


--
-- Data for Name: auth_group_permissions; Type: TABLE DATA; Schema: public; Owner: rera_user
--

COPY public.auth_group_permissions (id, group_id, permission_id) FROM stdin;
\.


--
-- Data for Name: auth_permission; Type: TABLE DATA; Schema: public; Owner: rera_user
--

COPY public.auth_permission (id, name, content_type_id, codename) FROM stdin;
1	Can add log entry	1	add_logentry
2	Can change log entry	1	change_logentry
3	Can delete log entry	1	delete_logentry
4	Can view log entry	1	view_logentry
5	Can add permission	3	add_permission
6	Can change permission	3	change_permission
7	Can delete permission	3	delete_permission
8	Can view permission	3	view_permission
9	Can add group	2	add_group
10	Can change group	2	change_group
11	Can delete group	2	delete_group
12	Can view group	2	view_group
13	Can add user	4	add_user
14	Can change user	4	change_user
15	Can delete user	4	delete_user
16	Can view user	4	view_user
17	Can add subscription	6	add_subscription
18	Can change subscription	6	change_subscription
19	Can delete subscription	6	delete_subscription
20	Can view subscription	6	view_subscription
21	Can add credit transaction	5	add_credittransaction
22	Can change credit transaction	5	change_credittransaction
23	Can delete credit transaction	5	delete_credittransaction
24	Can view credit transaction	5	view_credittransaction
25	Can add idempotency key	7	add_idempotencykey
26	Can change idempotency key	7	change_idempotencykey
27	Can delete idempotency key	7	delete_idempotencykey
28	Can view idempotency key	7	view_idempotencykey
29	Can add content type	8	add_contenttype
30	Can change content type	8	change_contenttype
31	Can delete content type	8	delete_contenttype
32	Can view content type	8	view_contenttype
33	Can add session	9	add_session
34	Can change session	9	change_session
35	Can delete session	9	delete_session
36	Can view session	9	view_session
37	Can add audit event	10	add_auditevent
38	Can change audit event	10	change_auditevent
39	Can delete audit event	10	delete_auditevent
40	Can view audit event	10	view_auditevent
41	Can add report	11	add_report
42	Can change report	11	change_report
43	Can delete report	11	delete_report
44	Can view report	11	view_report
45	Can add Blacklisted Token	12	add_blacklistedtoken
46	Can change Blacklisted Token	12	change_blacklistedtoken
47	Can delete Blacklisted Token	12	delete_blacklistedtoken
48	Can view Blacklisted Token	12	view_blacklistedtoken
49	Can add Outstanding Token	13	add_outstandingtoken
50	Can change Outstanding Token	13	change_outstandingtoken
51	Can delete Outstanding Token	13	delete_outstandingtoken
52	Can view Outstanding Token	13	view_outstandingtoken
\.


--
-- Data for Name: auth_user; Type: TABLE DATA; Schema: public; Owner: rera_user
--

COPY public.auth_user (id, password, last_login, is_superuser, username, first_name, last_name, email, is_staff, is_active, date_joined) FROM stdin;
1	pbkdf2_sha256$1200000$oDQvGkP1Wff2ARQbvBUKDb$VRu0enSWI28D75z5rqc0bjAZJzIES3Xb7uTecHgdyuI=	\N	t	superadmin			ramblingvirus@gmail.com	t	t	2026-03-02 14:08:55.360956+08
\.


--
-- Data for Name: auth_user_groups; Type: TABLE DATA; Schema: public; Owner: rera_user
--

COPY public.auth_user_groups (id, user_id, group_id) FROM stdin;
\.


--
-- Data for Name: auth_user_user_permissions; Type: TABLE DATA; Schema: public; Owner: rera_user
--

COPY public.auth_user_user_permissions (id, user_id, permission_id) FROM stdin;
\.


--
-- Data for Name: billing_credittransaction; Type: TABLE DATA; Schema: public; Owner: rera_user
--

COPY public.billing_credittransaction (id, amount, type, expiry_date, reference_id, created_at, user_id) FROM stdin;
2	5	purchase	2026-12-31 08:00:00+08	16e459b3-26bd-4d02-92c4-140a902be731	2026-03-02 15:37:38.788529+08	1
3	-1	usage	\N	8bb3aa87-f705-4752-aab8-8f8c2814b7a4	2026-03-02 16:05:15.294269+08	1
\.


--
-- Data for Name: billing_subscription; Type: TABLE DATA; Schema: public; Owner: rera_user
--

COPY public.billing_subscription (id, plan_type, status, start_date, end_date, created_at, updated_at, user_id) FROM stdin;
\.


--
-- Data for Name: django_admin_log; Type: TABLE DATA; Schema: public; Owner: rera_user
--

COPY public.django_admin_log (id, action_time, object_id, object_repr, action_flag, change_message, content_type_id, user_id) FROM stdin;
\.


--
-- Data for Name: django_content_type; Type: TABLE DATA; Schema: public; Owner: rera_user
--

COPY public.django_content_type (id, app_label, model) FROM stdin;
1	admin	logentry
2	auth	group
3	auth	permission
4	auth	user
5	billing	credittransaction
6	billing	subscription
7	idempotency	idempotencykey
8	contenttypes	contenttype
9	sessions	session
10	audit	auditevent
11	reports	report
12	token_blacklist	blacklistedtoken
13	token_blacklist	outstandingtoken
\.


--
-- Data for Name: django_migrations; Type: TABLE DATA; Schema: public; Owner: rera_user
--

COPY public.django_migrations (id, app, name, applied) FROM stdin;
1	contenttypes	0001_initial	2026-03-02 13:47:14.631604+08
2	auth	0001_initial	2026-03-02 13:47:14.695475+08
3	admin	0001_initial	2026-03-02 13:47:14.708639+08
4	admin	0002_logentry_remove_auto_add	2026-03-02 13:47:14.715484+08
5	admin	0003_logentry_add_action_flag_choices	2026-03-02 13:47:14.723478+08
6	audit	0001_initial	2026-03-02 13:47:14.745644+08
7	contenttypes	0002_remove_content_type_name	2026-03-02 13:47:14.765625+08
8	auth	0002_alter_permission_name_max_length	2026-03-02 13:47:14.772994+08
9	auth	0003_alter_user_email_max_length	2026-03-02 13:47:14.781805+08
10	auth	0004_alter_user_username_opts	2026-03-02 13:47:14.789626+08
11	auth	0005_alter_user_last_login_null	2026-03-02 13:47:14.802604+08
12	auth	0006_require_contenttypes_0002	2026-03-02 13:47:14.804907+08
13	auth	0007_alter_validators_add_error_messages	2026-03-02 13:47:14.812936+08
14	auth	0008_alter_user_username_max_length	2026-03-02 13:47:14.825065+08
15	auth	0009_alter_user_last_name_max_length	2026-03-02 13:47:14.835845+08
16	auth	0010_alter_group_name_max_length	2026-03-02 13:47:14.845831+08
17	auth	0011_update_proxy_permissions	2026-03-02 13:47:14.853255+08
18	auth	0012_alter_user_first_name_max_length	2026-03-02 13:47:14.860362+08
19	billing	0001_initial	2026-03-02 13:47:14.875783+08
20	billing	0002_credittransaction	2026-03-02 13:47:14.893312+08
21	billing	0003_credittransaction_purchase_rule_and_more	2026-03-02 13:47:14.924836+08
22	billing	0004_remove_credittransaction_purchase_rule_and_more	2026-03-02 13:47:14.97581+08
23	idempotency	0001_initial	2026-03-02 13:47:14.997241+08
24	idempotency	0002_alter_idempotencykey_key_and_more	2026-03-02 13:47:15.021251+08
25	reports	0001_initial	2026-03-02 13:47:15.031968+08
26	reports	0002_report_user	2026-03-02 13:47:15.045982+08
27	sessions	0001_initial	2026-03-02 13:47:15.056621+08
28	token_blacklist	0001_initial	2026-03-02 13:47:15.090461+08
29	token_blacklist	0002_outstandingtoken_jti_hex	2026-03-02 13:47:15.10619+08
30	token_blacklist	0003_auto_20171017_2007	2026-03-02 13:47:15.129251+08
31	token_blacklist	0004_auto_20171017_2013	2026-03-02 13:47:15.141712+08
32	token_blacklist	0005_remove_outstandingtoken_jti	2026-03-02 13:47:15.151106+08
33	token_blacklist	0006_auto_20171017_2113	2026-03-02 13:47:15.160121+08
34	token_blacklist	0007_auto_20171017_2214	2026-03-02 13:47:15.184448+08
35	token_blacklist	0008_migrate_to_bigautofield	2026-03-02 13:47:15.225378+08
36	token_blacklist	0010_fix_migrate_to_bigautofield	2026-03-02 13:47:15.237944+08
37	token_blacklist	0011_linearizes_history	2026-03-02 13:47:15.239483+08
38	token_blacklist	0012_alter_outstandingtoken_user	2026-03-02 13:47:15.254086+08
39	token_blacklist	0013_alter_blacklistedtoken_options_and_more	2026-03-02 13:47:15.265266+08
\.


--
-- Data for Name: django_session; Type: TABLE DATA; Schema: public; Owner: rera_user
--

COPY public.django_session (session_key, session_data, expire_date) FROM stdin;
\.


--
-- Data for Name: idempotency_idempotencykey; Type: TABLE DATA; Schema: public; Owner: rera_user
--

COPY public.idempotency_idempotencykey (id, key, request_hash, response_snapshot, created_at, user_id) FROM stdin;
\.


--
-- Data for Name: reports_report; Type: TABLE DATA; Schema: public; Owner: rera_user
--

COPY public.reports_report (id, request_id, timestamp_utc, structure_version, total_score, risk_band, category_breakdown, license_to_sell_present, created_at, user_id) FROM stdin;
1	8bb3aa87-f705-4752-aab8-8f8c2814b7a4	2026-03-02 16:05:15.252792+08	1.0	79.75	MODERATE_RISK	{"title_land": 85, "lgu_environment": 90, "financial_exposure": 70, "project_compliance": 75, "developer_legitimacy": 80}	t	2026-03-02 16:05:15.283192+08	1
\.


--
-- Data for Name: token_blacklist_blacklistedtoken; Type: TABLE DATA; Schema: public; Owner: rera_user
--

COPY public.token_blacklist_blacklistedtoken (id, blacklisted_at, token_id) FROM stdin;
\.


--
-- Data for Name: token_blacklist_outstandingtoken; Type: TABLE DATA; Schema: public; Owner: rera_user
--

COPY public.token_blacklist_outstandingtoken (id, token, created_at, expires_at, user_id, jti) FROM stdin;
1	eyJhbGciOiJIUzI1NiIsInR5cCI6IkpXVCJ9.eyJ0b2tlbl90eXBlIjoicmVmcmVzaCIsImV4cCI6MTc3MzAzNjY2NiwiaWF0IjoxNzcyNDMxODY2LCJqdGkiOiIzYTVmYTYzODNhMzE0OGZiODJjZmI0NWZmZDFmNzhjYyIsInVzZXJfaWQiOiIxIn0.mDXff3tsgGPmn66zSQXMxU-QNBjfMqZyEQf6-TGVhp0	2026-03-02 14:11:06.735621+08	2026-03-09 14:11:06+08	1	3a5fa6383a3148fb82cfb45ffd1f78cc
2	eyJhbGciOiJIUzI1NiIsInR5cCI6IkpXVCJ9.eyJ0b2tlbl90eXBlIjoicmVmcmVzaCIsImV4cCI6MTc3MzA0MTI3NiwiaWF0IjoxNzcyNDM2NDc2LCJqdGkiOiIyYTFkY2VkZTBmZDA0NThmYTBhM2JjY2FkYjMxYmRjZCIsInVzZXJfaWQiOiIxIn0.WxZNCARDyYsKurZM3TbD7P5NKmsURLuldoSGZWdS48I	2026-03-02 15:27:56.054053+08	2026-03-09 15:27:56+08	1	2a1dcede0fd0458fa0a3bccadb31bdcd
3	eyJhbGciOiJIUzI1NiIsInR5cCI6IkpXVCJ9.eyJ0b2tlbl90eXBlIjoicmVmcmVzaCIsImV4cCI6MTc3MzA0MjM3MSwiaWF0IjoxNzcyNDM3NTcxLCJqdGkiOiJjOWUyMWMyMDU3Zjg0MGI1Yjk1Y2Q0OWQ1M2QxYjEwNiIsInVzZXJfaWQiOiIxIn0.el7Fq4qHL2TjmHEdrefGrCUKIhw7DP1-sn0xtq2ALk4	2026-03-02 15:46:11.371433+08	2026-03-09 15:46:11+08	1	c9e21c2057f840b5b95cd49d53d1b106
4	eyJhbGciOiJIUzI1NiIsInR5cCI6IkpXVCJ9.eyJ0b2tlbl90eXBlIjoicmVmcmVzaCIsImV4cCI6MTc3MzA0MjQyNywiaWF0IjoxNzcyNDM3NjI3LCJqdGkiOiJkMWFjMTYxNjRjODM0YzE4OWMwYTViODMyOWFlMDY3ZCIsInVzZXJfaWQiOiIxIn0.ifAHBXL1j89dNnvdWAjAyF8jCDa1b3jLBCVrjfKUUjU	2026-03-02 15:47:07.663658+08	2026-03-09 15:47:07+08	1	d1ac16164c834c189c0a5b8329ae067d
5	eyJhbGciOiJIUzI1NiIsInR5cCI6IkpXVCJ9.eyJ0b2tlbl90eXBlIjoicmVmcmVzaCIsImV4cCI6MTc3MzA0MzQ4NCwiaWF0IjoxNzcyNDM4Njg0LCJqdGkiOiI5Y2VkNDc2NzEzYjE0NGU2OWQ5OWNhMWYzY2NhMjQ5YiIsInVzZXJfaWQiOiIxIn0.Ovs7FqvgYTatsc__JX2EJs_7YUqgDzhPC35phZWBN2c	2026-03-02 16:04:44.828879+08	2026-03-09 16:04:44+08	1	9ced476713b144e69d99ca1f3cca249b
6	eyJhbGciOiJIUzI1NiIsInR5cCI6IkpXVCJ9.eyJ0b2tlbl90eXBlIjoicmVmcmVzaCIsImV4cCI6MTc3MzEyNDkxOCwiaWF0IjoxNzcyNTIwMTE4LCJqdGkiOiJlZmExOWNkY2RkZTY0ZGE4OWNiZWQ4MGJkNDNmZWVkNCIsInVzZXJfaWQiOiIxIn0.6vEizkdvdOIOAQyr6KzxJp-dQHK3saZbj84sRIknZok	2026-03-03 14:41:58.754953+08	2026-03-10 14:41:58+08	1	efa19cdcdde64da89cbed80bd43feed4
\.


--
-- Name: auth_group_id_seq; Type: SEQUENCE SET; Schema: public; Owner: rera_user
--

SELECT pg_catalog.setval('public.auth_group_id_seq', 1, false);


--
-- Name: auth_group_permissions_id_seq; Type: SEQUENCE SET; Schema: public; Owner: rera_user
--

SELECT pg_catalog.setval('public.auth_group_permissions_id_seq', 1, false);


--
-- Name: auth_permission_id_seq; Type: SEQUENCE SET; Schema: public; Owner: rera_user
--

SELECT pg_catalog.setval('public.auth_permission_id_seq', 52, true);


--
-- Name: auth_user_groups_id_seq; Type: SEQUENCE SET; Schema: public; Owner: rera_user
--

SELECT pg_catalog.setval('public.auth_user_groups_id_seq', 1, false);


--
-- Name: auth_user_id_seq; Type: SEQUENCE SET; Schema: public; Owner: rera_user
--

SELECT pg_catalog.setval('public.auth_user_id_seq', 1, true);


--
-- Name: auth_user_user_permissions_id_seq; Type: SEQUENCE SET; Schema: public; Owner: rera_user
--

SELECT pg_catalog.setval('public.auth_user_user_permissions_id_seq', 1, false);


--
-- Name: billing_credittransaction_id_seq; Type: SEQUENCE SET; Schema: public; Owner: rera_user
--

SELECT pg_catalog.setval('public.billing_credittransaction_id_seq', 3, true);


--
-- Name: billing_subscription_id_seq; Type: SEQUENCE SET; Schema: public; Owner: rera_user
--

SELECT pg_catalog.setval('public.billing_subscription_id_seq', 1, false);


--
-- Name: django_admin_log_id_seq; Type: SEQUENCE SET; Schema: public; Owner: rera_user
--

SELECT pg_catalog.setval('public.django_admin_log_id_seq', 1, false);


--
-- Name: django_content_type_id_seq; Type: SEQUENCE SET; Schema: public; Owner: rera_user
--

SELECT pg_catalog.setval('public.django_content_type_id_seq', 13, true);


--
-- Name: django_migrations_id_seq; Type: SEQUENCE SET; Schema: public; Owner: rera_user
--

SELECT pg_catalog.setval('public.django_migrations_id_seq', 39, true);


--
-- Name: reports_report_id_seq; Type: SEQUENCE SET; Schema: public; Owner: rera_user
--

SELECT pg_catalog.setval('public.reports_report_id_seq', 1, true);


--
-- Name: token_blacklist_blacklistedtoken_id_seq; Type: SEQUENCE SET; Schema: public; Owner: rera_user
--

SELECT pg_catalog.setval('public.token_blacklist_blacklistedtoken_id_seq', 1, false);


--
-- Name: token_blacklist_outstandingtoken_id_seq; Type: SEQUENCE SET; Schema: public; Owner: rera_user
--

SELECT pg_catalog.setval('public.token_blacklist_outstandingtoken_id_seq', 6, true);


--
-- Name: audit_auditevent audit_auditevent_pkey; Type: CONSTRAINT; Schema: public; Owner: rera_user
--

ALTER TABLE ONLY public.audit_auditevent
    ADD CONSTRAINT audit_auditevent_pkey PRIMARY KEY (id);


--
-- Name: auth_group auth_group_name_key; Type: CONSTRAINT; Schema: public; Owner: rera_user
--

ALTER TABLE ONLY public.auth_group
    ADD CONSTRAINT auth_group_name_key UNIQUE (name);


--
-- Name: auth_group_permissions auth_group_permissions_group_id_permission_id_0cd325b0_uniq; Type: CONSTRAINT; Schema: public; Owner: rera_user
--

ALTER TABLE ONLY public.auth_group_permissions
    ADD CONSTRAINT auth_group_permissions_group_id_permission_id_0cd325b0_uniq UNIQUE (group_id, permission_id);


--
-- Name: auth_group_permissions auth_group_permissions_pkey; Type: CONSTRAINT; Schema: public; Owner: rera_user
--

ALTER TABLE ONLY public.auth_group_permissions
    ADD CONSTRAINT auth_group_permissions_pkey PRIMARY KEY (id);


--
-- Name: auth_group auth_group_pkey; Type: CONSTRAINT; Schema: public; Owner: rera_user
--

ALTER TABLE ONLY public.auth_group
    ADD CONSTRAINT auth_group_pkey PRIMARY KEY (id);


--
-- Name: auth_permission auth_permission_content_type_id_codename_01ab375a_uniq; Type: CONSTRAINT; Schema: public; Owner: rera_user
--

ALTER TABLE ONLY public.auth_permission
    ADD CONSTRAINT auth_permission_content_type_id_codename_01ab375a_uniq UNIQUE (content_type_id, codename);


--
-- Name: auth_permission auth_permission_pkey; Type: CONSTRAINT; Schema: public; Owner: rera_user
--

ALTER TABLE ONLY public.auth_permission
    ADD CONSTRAINT auth_permission_pkey PRIMARY KEY (id);


--
-- Name: auth_user_groups auth_user_groups_pkey; Type: CONSTRAINT; Schema: public; Owner: rera_user
--

ALTER TABLE ONLY public.auth_user_groups
    ADD CONSTRAINT auth_user_groups_pkey PRIMARY KEY (id);


--
-- Name: auth_user_groups auth_user_groups_user_id_group_id_94350c0c_uniq; Type: CONSTRAINT; Schema: public; Owner: rera_user
--

ALTER TABLE ONLY public.auth_user_groups
    ADD CONSTRAINT auth_user_groups_user_id_group_id_94350c0c_uniq UNIQUE (user_id, group_id);


--
-- Name: auth_user auth_user_pkey; Type: CONSTRAINT; Schema: public; Owner: rera_user
--

ALTER TABLE ONLY public.auth_user
    ADD CONSTRAINT auth_user_pkey PRIMARY KEY (id);


--
-- Name: auth_user_user_permissions auth_user_user_permissions_pkey; Type: CONSTRAINT; Schema: public; Owner: rera_user
--

ALTER TABLE ONLY public.auth_user_user_permissions
    ADD CONSTRAINT auth_user_user_permissions_pkey PRIMARY KEY (id);


--
-- Name: auth_user_user_permissions auth_user_user_permissions_user_id_permission_id_14a6b632_uniq; Type: CONSTRAINT; Schema: public; Owner: rera_user
--

ALTER TABLE ONLY public.auth_user_user_permissions
    ADD CONSTRAINT auth_user_user_permissions_user_id_permission_id_14a6b632_uniq UNIQUE (user_id, permission_id);


--
-- Name: auth_user auth_user_username_key; Type: CONSTRAINT; Schema: public; Owner: rera_user
--

ALTER TABLE ONLY public.auth_user
    ADD CONSTRAINT auth_user_username_key UNIQUE (username);


--
-- Name: billing_credittransaction billing_credittransaction_pkey; Type: CONSTRAINT; Schema: public; Owner: rera_user
--

ALTER TABLE ONLY public.billing_credittransaction
    ADD CONSTRAINT billing_credittransaction_pkey PRIMARY KEY (id);


--
-- Name: billing_subscription billing_subscription_pkey; Type: CONSTRAINT; Schema: public; Owner: rera_user
--

ALTER TABLE ONLY public.billing_subscription
    ADD CONSTRAINT billing_subscription_pkey PRIMARY KEY (id);


--
-- Name: django_admin_log django_admin_log_pkey; Type: CONSTRAINT; Schema: public; Owner: rera_user
--

ALTER TABLE ONLY public.django_admin_log
    ADD CONSTRAINT django_admin_log_pkey PRIMARY KEY (id);


--
-- Name: django_content_type django_content_type_app_label_model_76bd3d3b_uniq; Type: CONSTRAINT; Schema: public; Owner: rera_user
--

ALTER TABLE ONLY public.django_content_type
    ADD CONSTRAINT django_content_type_app_label_model_76bd3d3b_uniq UNIQUE (app_label, model);


--
-- Name: django_content_type django_content_type_pkey; Type: CONSTRAINT; Schema: public; Owner: rera_user
--

ALTER TABLE ONLY public.django_content_type
    ADD CONSTRAINT django_content_type_pkey PRIMARY KEY (id);


--
-- Name: django_migrations django_migrations_pkey; Type: CONSTRAINT; Schema: public; Owner: rera_user
--

ALTER TABLE ONLY public.django_migrations
    ADD CONSTRAINT django_migrations_pkey PRIMARY KEY (id);


--
-- Name: django_session django_session_pkey; Type: CONSTRAINT; Schema: public; Owner: rera_user
--

ALTER TABLE ONLY public.django_session
    ADD CONSTRAINT django_session_pkey PRIMARY KEY (session_key);


--
-- Name: idempotency_idempotencykey idempotency_idempotencykey_pkey; Type: CONSTRAINT; Schema: public; Owner: rera_user
--

ALTER TABLE ONLY public.idempotency_idempotencykey
    ADD CONSTRAINT idempotency_idempotencykey_pkey PRIMARY KEY (id);


--
-- Name: reports_report reports_report_pkey; Type: CONSTRAINT; Schema: public; Owner: rera_user
--

ALTER TABLE ONLY public.reports_report
    ADD CONSTRAINT reports_report_pkey PRIMARY KEY (id);


--
-- Name: reports_report reports_report_request_id_key; Type: CONSTRAINT; Schema: public; Owner: rera_user
--

ALTER TABLE ONLY public.reports_report
    ADD CONSTRAINT reports_report_request_id_key UNIQUE (request_id);


--
-- Name: token_blacklist_blacklistedtoken token_blacklist_blacklistedtoken_pkey; Type: CONSTRAINT; Schema: public; Owner: rera_user
--

ALTER TABLE ONLY public.token_blacklist_blacklistedtoken
    ADD CONSTRAINT token_blacklist_blacklistedtoken_pkey PRIMARY KEY (id);


--
-- Name: token_blacklist_blacklistedtoken token_blacklist_blacklistedtoken_token_id_key; Type: CONSTRAINT; Schema: public; Owner: rera_user
--

ALTER TABLE ONLY public.token_blacklist_blacklistedtoken
    ADD CONSTRAINT token_blacklist_blacklistedtoken_token_id_key UNIQUE (token_id);


--
-- Name: token_blacklist_outstandingtoken token_blacklist_outstandingtoken_jti_hex_d9bdf6f7_uniq; Type: CONSTRAINT; Schema: public; Owner: rera_user
--

ALTER TABLE ONLY public.token_blacklist_outstandingtoken
    ADD CONSTRAINT token_blacklist_outstandingtoken_jti_hex_d9bdf6f7_uniq UNIQUE (jti);


--
-- Name: token_blacklist_outstandingtoken token_blacklist_outstandingtoken_pkey; Type: CONSTRAINT; Schema: public; Owner: rera_user
--

ALTER TABLE ONLY public.token_blacklist_outstandingtoken
    ADD CONSTRAINT token_blacklist_outstandingtoken_pkey PRIMARY KEY (id);


--
-- Name: idempotency_idempotencykey unique_user_idempotency_key; Type: CONSTRAINT; Schema: public; Owner: rera_user
--

ALTER TABLE ONLY public.idempotency_idempotencykey
    ADD CONSTRAINT unique_user_idempotency_key UNIQUE (user_id, key);


--
-- Name: audit_auditevent_event_type_f13571f1; Type: INDEX; Schema: public; Owner: rera_user
--

CREATE INDEX audit_auditevent_event_type_f13571f1 ON public.audit_auditevent USING btree (event_type);


--
-- Name: audit_auditevent_event_type_f13571f1_like; Type: INDEX; Schema: public; Owner: rera_user
--

CREATE INDEX audit_auditevent_event_type_f13571f1_like ON public.audit_auditevent USING btree (event_type varchar_pattern_ops);


--
-- Name: audit_auditevent_request_id_b6fdcfa6; Type: INDEX; Schema: public; Owner: rera_user
--

CREATE INDEX audit_auditevent_request_id_b6fdcfa6 ON public.audit_auditevent USING btree (request_id);


--
-- Name: audit_auditevent_user_id_871f21a9; Type: INDEX; Schema: public; Owner: rera_user
--

CREATE INDEX audit_auditevent_user_id_871f21a9 ON public.audit_auditevent USING btree (user_id);


--
-- Name: auth_group_name_a6ea08ec_like; Type: INDEX; Schema: public; Owner: rera_user
--

CREATE INDEX auth_group_name_a6ea08ec_like ON public.auth_group USING btree (name varchar_pattern_ops);


--
-- Name: auth_group_permissions_group_id_b120cbf9; Type: INDEX; Schema: public; Owner: rera_user
--

CREATE INDEX auth_group_permissions_group_id_b120cbf9 ON public.auth_group_permissions USING btree (group_id);


--
-- Name: auth_group_permissions_permission_id_84c5c92e; Type: INDEX; Schema: public; Owner: rera_user
--

CREATE INDEX auth_group_permissions_permission_id_84c5c92e ON public.auth_group_permissions USING btree (permission_id);


--
-- Name: auth_permission_content_type_id_2f476e4b; Type: INDEX; Schema: public; Owner: rera_user
--

CREATE INDEX auth_permission_content_type_id_2f476e4b ON public.auth_permission USING btree (content_type_id);


--
-- Name: auth_user_groups_group_id_97559544; Type: INDEX; Schema: public; Owner: rera_user
--

CREATE INDEX auth_user_groups_group_id_97559544 ON public.auth_user_groups USING btree (group_id);


--
-- Name: auth_user_groups_user_id_6a12ed8b; Type: INDEX; Schema: public; Owner: rera_user
--

CREATE INDEX auth_user_groups_user_id_6a12ed8b ON public.auth_user_groups USING btree (user_id);


--
-- Name: auth_user_user_permissions_permission_id_1fbb5f2c; Type: INDEX; Schema: public; Owner: rera_user
--

CREATE INDEX auth_user_user_permissions_permission_id_1fbb5f2c ON public.auth_user_user_permissions USING btree (permission_id);


--
-- Name: auth_user_user_permissions_user_id_a95ead1b; Type: INDEX; Schema: public; Owner: rera_user
--

CREATE INDEX auth_user_user_permissions_user_id_a95ead1b ON public.auth_user_user_permissions USING btree (user_id);


--
-- Name: auth_user_username_6821ab7c_like; Type: INDEX; Schema: public; Owner: rera_user
--

CREATE INDEX auth_user_username_6821ab7c_like ON public.auth_user USING btree (username varchar_pattern_ops);


--
-- Name: billing_credittransaction_user_id_7432c28e; Type: INDEX; Schema: public; Owner: rera_user
--

CREATE INDEX billing_credittransaction_user_id_7432c28e ON public.billing_credittransaction USING btree (user_id);


--
-- Name: billing_subscription_user_id_ce52140c; Type: INDEX; Schema: public; Owner: rera_user
--

CREATE INDEX billing_subscription_user_id_ce52140c ON public.billing_subscription USING btree (user_id);


--
-- Name: django_admin_log_content_type_id_c4bce8eb; Type: INDEX; Schema: public; Owner: rera_user
--

CREATE INDEX django_admin_log_content_type_id_c4bce8eb ON public.django_admin_log USING btree (content_type_id);


--
-- Name: django_admin_log_user_id_c564eba6; Type: INDEX; Schema: public; Owner: rera_user
--

CREATE INDEX django_admin_log_user_id_c564eba6 ON public.django_admin_log USING btree (user_id);


--
-- Name: django_session_expire_date_a5c62663; Type: INDEX; Schema: public; Owner: rera_user
--

CREATE INDEX django_session_expire_date_a5c62663 ON public.django_session USING btree (expire_date);


--
-- Name: django_session_session_key_c0390e0f_like; Type: INDEX; Schema: public; Owner: rera_user
--

CREATE INDEX django_session_session_key_c0390e0f_like ON public.django_session USING btree (session_key varchar_pattern_ops);


--
-- Name: idempotency_idempotencykey_created_at_5a785c17; Type: INDEX; Schema: public; Owner: rera_user
--

CREATE INDEX idempotency_idempotencykey_created_at_5a785c17 ON public.idempotency_idempotencykey USING btree (created_at);


--
-- Name: idempotency_idempotencykey_key_9f81f9c5; Type: INDEX; Schema: public; Owner: rera_user
--

CREATE INDEX idempotency_idempotencykey_key_9f81f9c5 ON public.idempotency_idempotencykey USING btree (key);


--
-- Name: idempotency_idempotencykey_key_9f81f9c5_like; Type: INDEX; Schema: public; Owner: rera_user
--

CREATE INDEX idempotency_idempotencykey_key_9f81f9c5_like ON public.idempotency_idempotencykey USING btree (key varchar_pattern_ops);


--
-- Name: idempotency_idempotencykey_user_id_4adbdad0; Type: INDEX; Schema: public; Owner: rera_user
--

CREATE INDEX idempotency_idempotencykey_user_id_4adbdad0 ON public.idempotency_idempotencykey USING btree (user_id);


--
-- Name: reports_report_user_id_0a19e61e; Type: INDEX; Schema: public; Owner: rera_user
--

CREATE INDEX reports_report_user_id_0a19e61e ON public.reports_report USING btree (user_id);


--
-- Name: token_blacklist_outstandingtoken_jti_hex_d9bdf6f7_like; Type: INDEX; Schema: public; Owner: rera_user
--

CREATE INDEX token_blacklist_outstandingtoken_jti_hex_d9bdf6f7_like ON public.token_blacklist_outstandingtoken USING btree (jti varchar_pattern_ops);


--
-- Name: token_blacklist_outstandingtoken_user_id_83bc629a; Type: INDEX; Schema: public; Owner: rera_user
--

CREATE INDEX token_blacklist_outstandingtoken_user_id_83bc629a ON public.token_blacklist_outstandingtoken USING btree (user_id);


--
-- Name: audit_auditevent audit_auditevent_user_id_871f21a9_fk_auth_user_id; Type: FK CONSTRAINT; Schema: public; Owner: rera_user
--

ALTER TABLE ONLY public.audit_auditevent
    ADD CONSTRAINT audit_auditevent_user_id_871f21a9_fk_auth_user_id FOREIGN KEY (user_id) REFERENCES public.auth_user(id) DEFERRABLE INITIALLY DEFERRED;


--
-- Name: auth_group_permissions auth_group_permissio_permission_id_84c5c92e_fk_auth_perm; Type: FK CONSTRAINT; Schema: public; Owner: rera_user
--

ALTER TABLE ONLY public.auth_group_permissions
    ADD CONSTRAINT auth_group_permissio_permission_id_84c5c92e_fk_auth_perm FOREIGN KEY (permission_id) REFERENCES public.auth_permission(id) DEFERRABLE INITIALLY DEFERRED;


--
-- Name: auth_group_permissions auth_group_permissions_group_id_b120cbf9_fk_auth_group_id; Type: FK CONSTRAINT; Schema: public; Owner: rera_user
--

ALTER TABLE ONLY public.auth_group_permissions
    ADD CONSTRAINT auth_group_permissions_group_id_b120cbf9_fk_auth_group_id FOREIGN KEY (group_id) REFERENCES public.auth_group(id) DEFERRABLE INITIALLY DEFERRED;


--
-- Name: auth_permission auth_permission_content_type_id_2f476e4b_fk_django_co; Type: FK CONSTRAINT; Schema: public; Owner: rera_user
--

ALTER TABLE ONLY public.auth_permission
    ADD CONSTRAINT auth_permission_content_type_id_2f476e4b_fk_django_co FOREIGN KEY (content_type_id) REFERENCES public.django_content_type(id) DEFERRABLE INITIALLY DEFERRED;


--
-- Name: auth_user_groups auth_user_groups_group_id_97559544_fk_auth_group_id; Type: FK CONSTRAINT; Schema: public; Owner: rera_user
--

ALTER TABLE ONLY public.auth_user_groups
    ADD CONSTRAINT auth_user_groups_group_id_97559544_fk_auth_group_id FOREIGN KEY (group_id) REFERENCES public.auth_group(id) DEFERRABLE INITIALLY DEFERRED;


--
-- Name: auth_user_groups auth_user_groups_user_id_6a12ed8b_fk_auth_user_id; Type: FK CONSTRAINT; Schema: public; Owner: rera_user
--

ALTER TABLE ONLY public.auth_user_groups
    ADD CONSTRAINT auth_user_groups_user_id_6a12ed8b_fk_auth_user_id FOREIGN KEY (user_id) REFERENCES public.auth_user(id) DEFERRABLE INITIALLY DEFERRED;


--
-- Name: auth_user_user_permissions auth_user_user_permi_permission_id_1fbb5f2c_fk_auth_perm; Type: FK CONSTRAINT; Schema: public; Owner: rera_user
--

ALTER TABLE ONLY public.auth_user_user_permissions
    ADD CONSTRAINT auth_user_user_permi_permission_id_1fbb5f2c_fk_auth_perm FOREIGN KEY (permission_id) REFERENCES public.auth_permission(id) DEFERRABLE INITIALLY DEFERRED;


--
-- Name: auth_user_user_permissions auth_user_user_permissions_user_id_a95ead1b_fk_auth_user_id; Type: FK CONSTRAINT; Schema: public; Owner: rera_user
--

ALTER TABLE ONLY public.auth_user_user_permissions
    ADD CONSTRAINT auth_user_user_permissions_user_id_a95ead1b_fk_auth_user_id FOREIGN KEY (user_id) REFERENCES public.auth_user(id) DEFERRABLE INITIALLY DEFERRED;


--
-- Name: billing_credittransaction billing_credittransaction_user_id_7432c28e_fk_auth_user_id; Type: FK CONSTRAINT; Schema: public; Owner: rera_user
--

ALTER TABLE ONLY public.billing_credittransaction
    ADD CONSTRAINT billing_credittransaction_user_id_7432c28e_fk_auth_user_id FOREIGN KEY (user_id) REFERENCES public.auth_user(id) DEFERRABLE INITIALLY DEFERRED;


--
-- Name: billing_subscription billing_subscription_user_id_ce52140c_fk_auth_user_id; Type: FK CONSTRAINT; Schema: public; Owner: rera_user
--

ALTER TABLE ONLY public.billing_subscription
    ADD CONSTRAINT billing_subscription_user_id_ce52140c_fk_auth_user_id FOREIGN KEY (user_id) REFERENCES public.auth_user(id) DEFERRABLE INITIALLY DEFERRED;


--
-- Name: django_admin_log django_admin_log_content_type_id_c4bce8eb_fk_django_co; Type: FK CONSTRAINT; Schema: public; Owner: rera_user
--

ALTER TABLE ONLY public.django_admin_log
    ADD CONSTRAINT django_admin_log_content_type_id_c4bce8eb_fk_django_co FOREIGN KEY (content_type_id) REFERENCES public.django_content_type(id) DEFERRABLE INITIALLY DEFERRED;


--
-- Name: django_admin_log django_admin_log_user_id_c564eba6_fk_auth_user_id; Type: FK CONSTRAINT; Schema: public; Owner: rera_user
--

ALTER TABLE ONLY public.django_admin_log
    ADD CONSTRAINT django_admin_log_user_id_c564eba6_fk_auth_user_id FOREIGN KEY (user_id) REFERENCES public.auth_user(id) DEFERRABLE INITIALLY DEFERRED;


--
-- Name: idempotency_idempotencykey idempotency_idempotencykey_user_id_4adbdad0_fk_auth_user_id; Type: FK CONSTRAINT; Schema: public; Owner: rera_user
--

ALTER TABLE ONLY public.idempotency_idempotencykey
    ADD CONSTRAINT idempotency_idempotencykey_user_id_4adbdad0_fk_auth_user_id FOREIGN KEY (user_id) REFERENCES public.auth_user(id) DEFERRABLE INITIALLY DEFERRED;


--
-- Name: reports_report reports_report_user_id_0a19e61e_fk_auth_user_id; Type: FK CONSTRAINT; Schema: public; Owner: rera_user
--

ALTER TABLE ONLY public.reports_report
    ADD CONSTRAINT reports_report_user_id_0a19e61e_fk_auth_user_id FOREIGN KEY (user_id) REFERENCES public.auth_user(id) DEFERRABLE INITIALLY DEFERRED;


--
-- Name: token_blacklist_blacklistedtoken token_blacklist_blacklistedtoken_token_id_3cc7fe56_fk; Type: FK CONSTRAINT; Schema: public; Owner: rera_user
--

ALTER TABLE ONLY public.token_blacklist_blacklistedtoken
    ADD CONSTRAINT token_blacklist_blacklistedtoken_token_id_3cc7fe56_fk FOREIGN KEY (token_id) REFERENCES public.token_blacklist_outstandingtoken(id) DEFERRABLE INITIALLY DEFERRED;


--
-- Name: token_blacklist_outstandingtoken token_blacklist_outs_user_id_83bc629a_fk_auth_user; Type: FK CONSTRAINT; Schema: public; Owner: rera_user
--

ALTER TABLE ONLY public.token_blacklist_outstandingtoken
    ADD CONSTRAINT token_blacklist_outs_user_id_83bc629a_fk_auth_user FOREIGN KEY (user_id) REFERENCES public.auth_user(id) DEFERRABLE INITIALLY DEFERRED;


--
-- Name: SCHEMA public; Type: ACL; Schema: -; Owner: pg_database_owner
--

GRANT ALL ON SCHEMA public TO rera_user;


--
-- Name: DEFAULT PRIVILEGES FOR TABLES; Type: DEFAULT ACL; Schema: public; Owner: postgres
--

ALTER DEFAULT PRIVILEGES FOR ROLE postgres IN SCHEMA public GRANT ALL ON TABLES TO rera_user;


--
-- PostgreSQL database dump complete
--

\unrestrict louZwDYr9kLFapQtzU2c1G2fodVvKvpD0kbZIvQIJOs4OX3SkxIFNdqSNcIDvEC

